{"population": [[0.0, 0.9, 5.2, 18.0, 0.4, 0.5, 0.0, 2.1, 300.0], [7.0, 0.8, 7.0, 0.0, 1.0, 0.0, 1.8, 1.6, 300.0], [0.0, 0.2, 5.0, 12.0, 0.9, 0.6000000000000001, 0.0, 1.3, 300.0], [7.0, 1.5, 7.0, 14.0, 0.4, 0.9, 0.1, 0.30000000000000004, 300.0], [0.0, 0.7000000000000001, 7.0, 0.0, 1.0, 0.0, 0.30000000000000004, 1.9000000000000001, 200.0], [0.0, 1.5, 5.4, 20.0, 0.6000000000000001, 0.6000000000000001, 1.0, 1.3, 150.0], [7.0, 1.5, 7.0, 4.0, 0.8, 0.2, 2.9000000000000004, 0.4, 0.0], [0.0, 1.5, 5.800000000000001, 30.0, 0.1, 1.0, 0.0, 0.8, 300.0]], "fitness_scores": [0.35, 0.96, 0.69, 0.28, 0.85, 0.15, 0.0, 1.0], "generation": 5}