{"population": [[0.0, 1.5, 6.6000000000000005, 20.0, 0.4, 0.6000000000000001, 0.9, 0.9, 0.0], [0.0, 0.8, 7.0, 4.0, 0.8, 0.0, 2.0, 1.4000000000000001, 0.0], [7.0, 1.0, 7.0, 0.0, 1.0, 0.2, 1.4000000000000001, 0.8, 200.0], [7.0, 1.5, 5.0, 18.0, 0.7000000000000001, 1.0, 1.8, 1.2000000000000002, 100.0], [7.0, 0.7000000000000001, 5.4, 4.0, 1.0, 0.0, 2.1, 1.9000000000000001, 200.0], [7.0, 1.5, 6.2, 18.0, 0.4, 0.7000000000000001, 0.7000000000000001, 1.2000000000000002, 300.0], [0.0, 0.8, 5.0, 18.0, 0.7000000000000001, 0.7000000000000001, 0.5, 0.7000000000000001, 200.0], [0.0, 0.2, 5.800000000000001, 0.0, 1.0, 0.0, 0.1, 1.9000000000000001, 300.0]], "fitness_scores": [1.02, 0.88, 0.0, 0.96, 0.22, 0.79, 0.98, 0.0], "generation": 4}