{"population": [[0.0, 1.5, 5.6000000000000005, 6.0, 1.0, 0.0, 1.9000000000000001, 2.5, 300.0], [7.0, 1.3, 6.800000000000001, 6.0, 0.9, 0.2, 0.7000000000000001, 1.6, 300.0], [0.0, 0.6000000000000001, 6.4, 30.0, 0.0, 1.0, 0.9, 0.7000000000000001, 0.0], [0.0, 1.1, 7.0, 2.0, 1.0, 0.0, 1.8, 1.3, 100.0], [7.0, 0.30000000000000004, 5.4, 18.0, 0.6000000000000001, 0.6000000000000001, 0.7000000000000001, 0.8, 0.0], [7.0, 0.4, 5.6000000000000005, 18.0, 0.4, 0.0, 0.1, 1.7000000000000002, 300.0], [7.0, 0.30000000000000004, 6.6000000000000005, 4.0, 0.9, 0.0, 0.9, 0.9, 200.0], [0.0, 1.0, 5.0, 28.0, 0.2, 1.0, 0.7000000000000001, 0.6000000000000001, 200.0]], "fitness_scores": [0.732, 0.845, 0.393, 0.684, 0.914, 0.927, 0.641, 0.736], "generation": 2}